run_accession	final_species	final_country	final_year
ERR4224313	cat	Netherlands	2016
ERR4224555	cat	Netherlands	2018
SRR28564538	cat	USA	2022
SRR6627731	cat	USA	2017
ERR4224319	cat	Netherlands	2016
ERR4224530	cat	Netherlands	2017
ERR4224584	cat	Netherlands	2018
ERR4224321	cat	Netherlands	2016
ERR4224598	cat	Netherlands	2018
ERR4224544	cat	Netherlands	2018
ERR4224591	cat	Netherlands	2018
ERR4224614	cat	Netherlands	2018
SRR5209498	cat	Canada	2004
ERR4224509	cat	Netherlands	2018
ERR4224592	cat	Netherlands	2018
ERR4224525	cat	Netherlands	2017
ERR4224528	cat	Netherlands	2017
ERR4224527	cat	Netherlands	2017
SRR8399251	cat	USA	2018
SRR8607992	cat	USA	2009
SRR5750634	cattle	USA	2017
SRR8606599	cattle	USA	2018
SRR7465511	cattle	USA	2018
SRR5164537	cattle	USA	2016
SRR23803202	cattle	USA	2023
SRR14503779	cattle	USA	2021
SRR3611737	cattle	USA	2016
ERR2601882	cattle	Finland	2003
SRR8841108	cattle	USA	2019
SRR21602127	cattle	USA	2022
SRR2423693	cattle	USA	2015
SRR7163773	cattle	USA	2018
SRR16465102	cattle	USA	2021
SRR15275302	cattle	USA	2021
SRR6322613	cattle	USA	2014
SRR2962345	cattle	USA	2011
SRR11457120	cattle	USA	2013
SRR7163778	cattle	USA	2018
SRR3774242	cattle	USA	2016
SRR6498630	cattle	USA	2017
SRR11457294	cattle	USA	2013
SRR12828244	cattle	USA	2020
SRR12828245	cattle	USA	2020
SRR6652913	cattle	USA	2017
SRR17900481	cattle	New Zealand	2018
SRR4022329	cattle	USA	2011
SRR11459624	cattle	USA	2020
SRR5941988	cattle	USA	2017
SRR5890889	cattle	USA	2017
SRR4018340	cattle	USA	2016
SRR3402099	cattle	USA	2015
SRR2976804	cattle	USA	2015
SRR12302131	cattle	Germany	2012
SRR6916748	cattle	USA	2018
SRR18771549	cattle	USA	2022
SRR18319608	cattle	USA	2022
SRR18769954	cattle	USA	2022
SRR17988521	cattle	USA	2022
SRR7465516	cattle	USA	2018
SRR5517169	cattle	USA	2017
SRR14503780	cattle	USA	2021
SRR5646894	cattle	USA	2017
SRR10257508	cattle	Egypt	2018
ERR2834479	cattle	Finland	2014
ERR4224938	cattle	Netherlands	2017
SRR8172917	cattle	USA	2018
SRR25790765	cattle	USA	2023
SRR7903408	cattle	USA	2018
SRR6973053	cattle	USA	2018
SRR6313961	cattle	USA	2017
SRR5297186	cattle	USA	2017
SRR14518549	cattle	USA	2021
SRR10245648	cattle	USA	2019
SRR7882485	cattle	USA	2010
SRR10287017	cattle	USA	2019
SRR7716478	cattle	USA	2018
SRR3726434	cattle	USA	2016
SRR10082192	cattle	USA	2019
SRR6916764	cattle	USA	2018
SRR5209911	cattle	USA	2016
SRR8754439	cattle	USA	2019
SRR22222924	cattle	USA	2022
SRR5828129	cattle	USA	2015
SRR10386699	cattle	USA	2019
SRR19344124	cattle	USA	2022
SRR6160548	cattle	USA	2017
SRR6269763	cattle	USA	2017
SRR9045758	cattle	USA	2019
SRR8838824	cattle	USA	2019
SRR5241742	cattle	USA	2016
SRR6844235	cattle	USA	2018
SRR10138273	cattle	USA	2019
ERR10497142	cattle	Spain	2015
SRR10186879	cattle	USA	2019
SRR5754163	cattle	USA	2017
SRR6010310	cattle	USA	2017
SRR26806985	cattle	USA	2023
SRR8252759	cattle	USA	2018
SRR6269730	cattle	USA	2017
SRR3215112	cattle	USA	2016
SRR3129728	cattle	USA	2015
SRR8699411	cattle	USA	2019
SRR5582449	cattle	USA	2017
SRR7009076	cattle	USA	2018
ERR4224946	cattle	Netherlands	2017
SRR6313958	cattle	USA	2017
SRR5427956	cattle	USA	2017
SRR12302135	cattle	Germany	2012
SRR3995966	cattle	USA	2016
SRR5858791	cattle	USA	2017
SRR20988051	cattle	USA	2019
SRR6973059	cattle	USA	2018
SRR5129712	cattle	USA	2016
SRR8256677	cattle	USA	2018
SRR8188915	cattle	USA	2018
SRR2239877	cattle	USA	2015
SRR11600433	cattle	USA	2019
SRR8832618	cattle	USA	2019
SRR11457287	cattle	USA	2013
SRR3139476	cattle	USA	2015
SRR9670813	chicken	USA	2019
SRR11615623	chicken	USA	2019
SRR8663512	chicken	USA	2018
ERR11203555	chicken	Sweden	2019
SRR8662861	chicken	USA	2018
SRR12179540	chicken	USA	2020
SRR24482067	chicken	USA	2023
SRR9962624	chicken	USA	2019
SRR8662758	chicken	USA	2018
SRR22197412	chicken	USA	2022
SRR22987937	chicken	USA	2022
SRR13592140	chicken	USA	2021
SRR23517257	chicken	USA	2023
SRR21757000	chicken	USA	2022
SRR17871415	chicken	USA	2022
SRR20438527	chicken	USA	2022
SRR12698365	chicken	USA	2019
SRR12625768	chicken	USA	2020
SRR7665260	chicken	USA	2018
SRR14920260	chicken	USA	2021
SRR19842112	chicken	USA	2022
SRR15998504	chicken	USA	2021
SRR17478232	chicken	USA	2021
SRR9898424	chicken	USA	2019
SRR26896508	chicken	Brazil	2017
SRR8796760	chicken	United Kingdom	2016
SRR27990989	chicken	USA	2024
SRR10119176	chicken	USA	2019
SRR12788365	chicken	USA	2020
SRR12819058	chicken	USA	2020
SRR12634079	chicken	USA	2017
SRR7987219	chicken	USA	2018
SRR24698312	chicken	USA	2023
SRR5414427	chicken	USA	2015
SRR21897644	chicken	USA	2022
SRR14054907	chicken	USA	2021
SRR10758621	chicken	USA	2019
SRR5414733	chicken	USA	2015
SRR8662779	chicken	USA	2018
ERR2197471	chicken	France	2014
SRR23704415	chicken	Italy	2015
SRR26952112	chicken	USA	2023
SRR21602128	chicken	USA	2022
SRR8662873	chicken	USA	2018
SRR9298923	chicken	USA	2019
ERR11203677	chicken	Sweden	2019
SRR25648167	chicken	USA	2018
SRR14286421	chicken	USA	2021
SRR8753499	chicken	USA	2019
SRR23803163	chicken	USA	2023
SRR29807932	chicken	USA	2024
SRR7525350	chicken	USA	2018
SRR18230626	chicken	USA	2022
SRR10987399	chicken	USA	2020
SRR9998277	chicken	USA	2019
SRR11629880	chicken	USA	2019
SRR22880083	chicken	USA	2022
SRR24016088	chicken	USA	2023
SRR29234623	chicken	USA	2019
ERR11203907	chicken	Sweden	2020
SRR16012019	chicken	USA	2021
SRR20875039	chicken	USA	2022
ERR4225077	chicken	Netherlands	2018
SRR11544496	chicken	USA	2020
SRR9417526	chicken	USA	2019
SRR29101205	chicken	USA	2024
SRR7138715	chicken	USA	2018
SRR5414819	chicken	USA	2015
ERR2197483	chicken	France	2014
SRR21598450	chicken	USA	2022
SRR24339384	chicken	USA	2023
SRR9007373	chicken	USA	2018
SRR6108377	chicken	USA	2016
SRR7503394	chicken	USA	2017
ERR11203419	chicken	Sweden	2017
SRR11966499	chicken	USA	2020
SRR8074988	chicken	USA	2018
SRR24327307	chicken	USA	2023
SRR21598161	chicken	USA	2022
SRR22007717	chicken	USA	2022
SRR19486114	chicken	USA	2022
SRR8255905	chicken	USA	2018
SRR16817007	chicken	USA	2021
SRR8942631	chicken	USA	2019
SRR11521675	chicken	USA	2020
SRR11085356	chicken	USA	2020
SRR28745426	chicken	USA	2024
ERR2197617	chicken	Poland	2014
SRR10200146	chicken	USA	2019
SRR24674592	chicken	USA	2023
SRR21728318	chicken	USA	2022
SRR18339700	chicken	USA	2022
ERR2197355	chicken	United Kingdom	2014
SRR2920319	chicken	USA	2015
SRR13187284	chicken	USA	2020
SRR16026962	chicken	USA	2021
ERR11204032	chicken	Sweden	2021
SRR13849948	chicken	USA	2021
SRR24111455	chicken	USA	2023
SRR18776851	chicken	USA	2022
SRR6741488	dog	USA	2018
ERR4224593	dog	Netherlands	2018
SRR8787372	dog	USA	1979
SRR23097466	dog	USA	2022
ERR4224589	dog	Netherlands	2018
ERR4224545	dog	Netherlands	2018
SRR28564537	dog	USA	2022
ERR4224318	dog	Netherlands	2016
SRR12623862	dog	Peru	2019
SRR8787352	dog	USA	1979
SRR6219838	dog	USA	2017
ERR4224322	dog	Netherlands	2016
SRR27989230	dog	USA	2023
SRR6171586	dog	USA	unknown
SRR8397531	dog	USA	2018
ERR4224535	dog	Netherlands	2017
ERR4224519	dog	Netherlands	2018
SRR13042628	dog	USA	2020
SRR8041688	dog	USA	2018
SRR6814034	dog	USA	2018
SRR6297976	dog	USA	2017
SRR10537310	dog	Australia	2019
SRR28564533	dog	USA	2023
SRR6903158	dog	USA	2018
SRR7066541	dog	USA	2018
SRR8388781	dog	USA	2018
SRR12488030	dog	Peru	2019
SRR8041470	dog	USA	2018
SRR9831452	dog	USA	2019
SRR7499466	dog	USA	2018
ERR4224610	dog	Netherlands	2018
SRR7705338	dog	USA	2018
ERR4224522	dog	Netherlands	2018
ERR4224557	dog	Netherlands	2018
ERR4224515	dog	Netherlands	2018
SRR29692399	dog	Canada	2023
ERR4224317	dog	Netherlands	2016
ERR4224517	dog	Netherlands	2018
SRR10537322	dog	Australia	2018
SRR6289217	dog	USA	2017
ERR4224324	dog	Netherlands	2016
ERR4224574	dog	Netherlands	2018
SRR6171587	dog	USA	unknown
SRR6232416	dog	USA	2007
ERR4224556	dog	Netherlands	2018
SRR27150577	dog	USA	2023
SRR9831419	dog	USA	2019
SRR10611149	dog	USA	2018
SRR10898003	dog	USA	2018
SRR9029459	dog	USA	2019
SRR6080585	dog	USA	2017
SRR12488025	dog	Peru	2019
ERR4224523	dog	Netherlands	2017
SRR6058449	dog	USA	2014
SRR10537312	dog	Australia	2018
SRR10537313	dog	Australia	2018
ERR4224605	dog	Netherlands	2018
SRR24886328	dog	USA	2022
ERR4224579	dog	Netherlands	2018
SRR6252248	dog	USA	2009
ERR4224597	dog	Netherlands	2018
SRR6902729	dog	USA	2018
SRR5935033	dog	USA	2017
ERR4224590	dog	Netherlands	2018
SRR5579133	dog	USA	2017
SRR7660681	dog	USA	2018
SRR8260220	dog	USA	2018
SRR22974871	dog	USA	2022
SRR28564534	dog	USA	2023
ERR4224537	dog	Netherlands	2017
ERR4224320	dog	Netherlands	2016
SRR6289215	dog	USA	2017
ERR4224588	dog	Netherlands	2018
SRR6813834	dog	USA	2018
ERR4224559	dog	Netherlands	2018
SRR7242753	dog	USA	2013
SRR6354173	dog	USA	2017
ERR4224510	dog	Netherlands	2018
SRR6269843	dog	USA	2017
SRR7213803	dog	USA	2018
SRR6252251	dog	USA	2007
ERR4224548	dog	Netherlands	2018
SRR6814032	dog	USA	2018
SRR6814049	dog	USA	2018
ERR4224316	dog	Netherlands	2016
ERR4224511	dog	Netherlands	2018
SRR11101933	dog	Sweden	unknown
SRR28564535	dog	USA	2023
ERR4224533	dog	Netherlands	2017
ERR4224315	dog	Netherlands	2016
ERR4224532	dog	Netherlands	2017
SRR7660781	dog	USA	2018
SRR10537320	dog	Australia	2018
SRR6366583	dog	USA	2017
ERR4224547	dog	Netherlands	2018
ERR4224603	dog	Netherlands	2018
SRR24684368	dog	USA	2023
SRR6171584	dog	USA	unknown
SRR8112791	dog	USA	2018
ERR4224619	dog	Netherlands	2018
ERR4224858	goat	Netherlands	2016
SRR28406675	goat	Ethiopia	2022
SRR27218418	goat	Ethiopia	2021
SRR27218416	goat	Ethiopia	2022
ERR4224621	goat	Netherlands	2018
SRR28406655	goat	Ethiopia	2022
SRR11714421	goat	USA	2020
SRR22867624	goat	USA	2022
ERR4224811	goat	Netherlands	2016
SRR27218434	goat	Ethiopia	2022
SRR20114915	goat	USA	2022
SRR26678367	goat	Ethiopia	2022
SRR3210434	goat	USA	2015
SRR27218417	goat	Ethiopia	2021
SRR27218419	goat	Ethiopia	2021
ERR4224900	goat	Netherlands	2016
ERR4224867	goat	Netherlands	2016
ERR4224868	goat	Netherlands	2016
ERR4224822	goat	Netherlands	2016
ERR4224818	goat	Netherlands	2016
SRR15845037	goat	USA	2021
SRR26351330	goat	Ethiopia	2021
SRR18959245	goat	USA	2022
SRR26351314	goat	Ethiopia	2021
SRR26351307	goat	Ethiopia	2020
ERR4224891	goat	Netherlands	2016
ERR4224913	goat	Netherlands	2016
SRR26351296	goat	Ethiopia	2020
SRR27218439	goat	Ethiopia	2021
SRR27218409	goat	Ethiopia	2021
SRR6169167	goat	USA	2013
SRR11653840	goat	USA	2020
SRR26770174	goat	Ethiopia	2021
SRR14882944	goat	USA	2021
SRR26351303	goat	Ethiopia	2021
SRR27218404	goat	Ethiopia	2021
SRR27218468	goat	Ethiopia	2021
ERR4224820	goat	Netherlands	2016
SRR13699958	goat	USA	2020
SRR26351338	goat	Ethiopia	2021
SRR27218466	goat	Ethiopia	2021
SRR26351310	goat	Ethiopia	2022
SRR19487409	goat	USA	2022
SRR27218437	goat	Ethiopia	2022
ERR4224814	goat	Netherlands	2016
ERR4224908	goat	Netherlands	2016
SRR27218444	goat	Ethiopia	2022
SRR3692309	goat	USA	2015
SRR27218435	goat	Ethiopia	2022
SRR22867655	goat	USA	2021
SRR13005034	goat	USA	2020
SRR26351357	goat	Ethiopia	2021
SRR27218429	goat	Ethiopia	2022
SRR16085962	goat	USA	2021
SRR12495807	goat	USA	2009
SRR3094462	goat	USA	2010
SRR7968358	goat	USA	2018
ERR4224909	goat	Netherlands	2016
SRR27218442	goat	Ethiopia	2022
SRR19545020	goat	USA	2022
ERR4224885	goat	Netherlands	2016
SRR26351356	goat	Ethiopia	2021
SRR11654317	goat	USA	2020
SRR12625731	goat	USA	2020
SRR27218459	goat	Ethiopia	2022
SRR3215289	goat	USA	2015
ERR4224831	goat	Netherlands	2016
SRR27218402	goat	Ethiopia	2021
SRR27218453	goat	Ethiopia	2022
SRR18959247	goat	USA	2022
SRR3094460	goat	USA	2008
ERR4224914	goat	Netherlands	2016
ERR4224866	goat	Netherlands	2016
SRR26770208	goat	Ethiopia	2022
SRR27218440	goat	Ethiopia	2021
SRR27218422	goat	Ethiopia	2022
SRR27218449	goat	Ethiopia	2021
ERR4224878	goat	Netherlands	2016
SRR26770173	goat	Ethiopia	2021
ERR4224815	goat	Netherlands	2016
ERR4224895	goat	Netherlands	2016
SRR16288478	goat	USA	2021
SRR3210432	goat	USA	2015
SRR26770196	goat	Ethiopia	2022
SRR28214326	goat	Ethiopia	2022
SRR12798039	goat	USA	2020
SRR20994500	goat	USA	2022
SRR6048565	goat	USA	2014
SRR11544463	goat	USA	2020
SRR27218430	goat	Ethiopia	2022
SRR19395871	goat	USA	2022
SRR26770179	goat	Ethiopia	2022
SRR11521728	goat	USA	2020
ERR4224845	goat	Netherlands	2016
SRR11521726	goat	USA	2020
SRR27218428	goat	Ethiopia	2022
SRR28406693	goat	Ethiopia	2021
SRR27218462	goat	Ethiopia	2021
SRR13764597	goat	USA	2021
SRR28406692	goat	Ethiopia	2021
SRR10056695	human	United Kingdom	2015
SRR16256362	human	USA	2018
SRR10859608	human	Chile	2019
SRR17929591	human	New Zealand	2018
SRR26328758	human	Kenya	2007
SRR9877373	human	United Kingdom	2019
SRR10054163	human	United Kingdom	2016
SRR9933918	human	United Kingdom	2018
SRR9934144	human	United Kingdom	2018
ERR1750947	human	New Zealand	2006
SRR5667095	human	USA	2017
SRR17964873	human	New Zealand	2018
SRR12301978	human	Germany	2013
SRR9924020	human	United Kingdom	2018
SRR10013357	human	United Kingdom	2016
SRR9901589	human	United Kingdom	2018
SRR10006856	human	United Kingdom	2016
SRR9899111	human	United Kingdom	2018
SRR2057227	human	USA	2015
SRR8886452	human	unknown	2007
SRR12077290	human	South Africa	2004
SRR10013461	human	United Kingdom	2016
SRR28623835	human	Spain	2021
SRR9929936	human	USA	2019
ERR4224083	human	Netherlands	2018
SRR6202924	human	USA	2017
SRR11007823	human	USA	2016
SRR17974319	human	New Zealand	2019
SRR10738422	human	USA	2016
SRR9974474	human	United Kingdom	2017
SRR27385303	human	Peru	2022
SRR6221087	human	USA	2017
SRR17925379	human	New Zealand	2018
SRR8126519	human	France	2014
ERR2986689	human	Switzerland	2016
SRR4000220	human	USA	2016
SRR9942978	human	United Kingdom	2018
SRR5188912	human	USA	2014
SRR11268237	human	India	unknown
SRR12362453	human	Ireland	2019
SRR25376760	human	Australia	2018
SRR9942873	human	United Kingdom	2018
SRR9962473	human	United Kingdom	2017
SRR28406690	human	Ethiopia	2022
SRR12362279	human	Ireland	2019
SRR9962218	human	United Kingdom	2017
ERR9766849	human	Switzerland	2014
SRR9993653	human	United Kingdom	2016
ERR4224188	human	Netherlands	2018
SRR5209619	human	Canada	2007
SRR9968987	human	United Kingdom	2017
ERR2986658	human	Switzerland	2015
SRR12769653	human	United Kingdom	2015
SRR9974241	human	United Kingdom	2017
SRR1768072	human	USA	2014
SRR10490230	human	United Kingdom	2015
SRR12062933	human	New Zealand	2016
SRR10011173	human	United Kingdom	2016
SRR10026154	human	United Kingdom	2016
SRR25377045	human	Australia	2018
SRR10056842	human	United Kingdom	2015
SRR9948460	human	United Kingdom	2017
SRR20336840	human	Peru	2020
SRR10001221	human	United Kingdom	2016
SRR9877471	human	United Kingdom	2019
SRR7761286	human	USA	2018
SRR8554697	human	USA	2018
SRR9974246	human	United Kingdom	2017
SRR7280455	human	New Zealand	2011
SRR10062883	human	United Kingdom	2015
SRR5581844	human	USA	2017
SRR13001597	human	USA	unknown
SRR6929968	human	USA	2018
SRR7851637	human	USA	2018
SRR5097312	human	USA	2016
SRR9900234	human	United Kingdom	2018
ERR083975	human	United Kingdom	2011
SRR20075845	human	Denmark	2022
ERR9766650	human	Switzerland	2006
SRR7851632	human	USA	2018
SRR10018227	human	United Kingdom	2016
SRR9924040	human	United Kingdom	2018
SRR7637763	human	USA	2018
SRR7764604	human	USA	2018
SRR10031344	human	United Kingdom	2016
SRR8815897	human	USA	2019
SRR5230144	human	USA	2016
SRR6322607	human	USA	2014
SRR9898983	human	United Kingdom	2018
SRR7968374	human	USA	2018
SRR12362332	human	Ireland	2019
SRR7157741	human	USA	2018
ERR9766817	human	Switzerland	2011
SRR27376378	human	Peru	2022
SRR10001393	human	United Kingdom	2011
SRR17925158	human	New Zealand	2018
SRR17929568	human	New Zealand	2018
SRR6048548	human	USA	2014
SRR19905474	human	Bangladesh	2006
SRR10019155	human	United Kingdom	2016
SRR27474201	other_animal	USA	2022
SRR12488519	other_animal	Peru	2019
SRR3094502	other_animal	USA	2013
SRR27474105	other_animal	USA	2022
SRR1635242	other_animal	United Kingdom	2011
SRR12686270	other_animal	Brazil	2003
SRR27474148	other_animal	USA	2022
SRR12686252	other_animal	Brazil	2007
SRR29262348	other_animal	Germany	2022
SRR27474206	other_animal	USA	2022
SRR27474135	other_animal	USA	2022
SRR29262334	other_animal	Germany	2021
SRR6314321	other_animal	Brazil	1999
SRR1635222	other_animal	United Kingdom	2011
SRR1635160	other_animal	United Kingdom	2011
SRR27474144	other_animal	USA	2022
SRR1635043	other_animal	United Kingdom	2011
SRR1635167	other_animal	United Kingdom	2011
SRR12686263	other_animal	Brazil	2004
SRR27474188	other_animal	USA	2022
SRR3094503	other_animal	USA	2013
SRR11101879	other_animal	Sweden	unknown
SRR3094501	other_animal	USA	2013
SRR1816196	other_animal	unknown	unknown
SRR6314874	other_animal	Brazil	2009
SRR3619988	other_animal	unknown	unknown
SRR1635153	other_animal	United Kingdom	2011
SRR1635168	other_animal	United Kingdom	2011
SRR12686293	other_animal	Brazil	1996
SRR12686280	other_animal	Brazil	2000
SRR27474180	other_animal	USA	2022
SRR1635134	other_animal	United Kingdom	2011
SRR1816194	other_animal	unknown	unknown
SRR27474153	other_animal	USA	2022
SRR27474102	other_animal	USA	2022
SRR12686282	other_animal	Brazil	1999
SRR1635212	other_animal	United Kingdom	2011
SRR27474192	other_animal	USA	2022
SRR29262329	other_animal	Germany	2022
SRR1635284	other_animal	United Kingdom	2011
SRR3619982	other_animal	unknown	unknown
SRR12686295	other_animal	Brazil	1996
SRR3619972	other_animal	unknown	unknown
SRR11101917	other_animal	Sweden	unknown
SRR1635047	other_animal	United Kingdom	2011
SRR27474114	other_animal	USA	2022
SRR27474182	other_animal	USA	2022
SRR1816195	other_animal	unknown	unknown
SRR1635062	other_animal	United Kingdom	2011
SRR1635166	other_animal	United Kingdom	2011
SRR12686254	other_animal	Brazil	2007
SRR1814942	other_animal	unknown	unknown
SRR27474160	other_animal	USA	2022
SRR27474145	other_animal	USA	2022
SRR1635147	other_animal	United Kingdom	2011
SRR12686266	other_animal	Brazil	2003
SRR27474110	other_animal	USA	2022
SRR5209462	other_animal	Canada	2011
SRR27474107	other_animal	USA	2022
SRR1635234	other_animal	United Kingdom	2011
SRR5209460	other_animal	Canada	2011
SRR1635161	other_animal	United Kingdom	2011
SRR29262342	other_animal	Germany	2022
SRR1635151	other_animal	United Kingdom	2011
SRR29262332	other_animal	Germany	2022
SRR3619973	other_animal	unknown	unknown
SRR1816201	other_animal	unknown	unknown
SRR1635210	other_animal	United Kingdom	2011
SRR1635129	other_animal	United Kingdom	2011
SRR27474163	other_animal	USA	2022
SRR27474129	other_animal	USA	2022
SRR1635241	other_animal	United Kingdom	2011
SRR6169171	other_animal	USA	2017
SRR27474111	other_animal	USA	2022
SRR1635246	other_animal	United Kingdom	2011
SRR12686250	other_animal	Brazil	2009
SRR3094508	other_animal	USA	2013
SRR3094510	other_animal	USA	2013
SRR1635275	other_animal	United Kingdom	2011
SRR6315299	other_animal	Brazil	2003
SRR5054226	other_animal	USA	2016
SRR27474167	other_animal	USA	2022
SRR6314857	other_animal	Brazil	2000
SRR4069394	other_animal	unknown	unknown
SRR6314323	other_animal	Brazil	1999
SRR5209461	other_animal	Canada	2011
SRR1635276	other_animal	United Kingdom	2011
SRR1635258	other_animal	United Kingdom	2011
SRR3619993	other_animal	unknown	unknown
SRR1816192	other_animal	unknown	unknown
SRR1635090	other_animal	United Kingdom	2011
SRR1635156	other_animal	United Kingdom	2011
SRR27474113	other_animal	USA	2022
SRR27474152	other_animal	USA	2022
SRR1635049	other_animal	United Kingdom	2011
SRR3094499	other_animal	USA	2013
SRR27474149	other_animal	USA	2022
SRR1635207	other_animal	United Kingdom	2011
SRR1635219	other_animal	United Kingdom	2011
SRR1635233	other_animal	United Kingdom	2011
SRR12625727	pig	USA	2020
SRR6856173	pig	USA	2010
SRR6659229	pig	USA	2017
SRR8951824	pig	USA	2019
SRR3215130	pig	USA	2016
SRR6376259	pig	USA	2009
SRR7496959	pig	USA	2010
ERR4224796	pig	Netherlands	2004
SRR10768360	pig	USA	2009
SRR6998296	pig	USA	2009
SRR7367176	pig	USA	2018
SRR7543323	pig	USA	2018
SRR5876891	pig	USA	2010
SRR7500598	pig	USA	2010
SRR5427952	pig	USA	2017
SRR6398669	pig	USA	2009
SRR17152128	pig	South Korea	2019
SRR10768380	pig	USA	2009
SRR8696153	pig	USA	2019
SRR5865333	pig	USA	2010
SRR9289356	pig	USA	2019
SRR6904941	pig	USA	2018
SRR7127921	pig	USA	2009
SRR9010153	pig	USA	2019
SRR3297736	pig	USA	2016
SRR7624020	pig	USA	2018
SRR11654067	pig	USA	2019
SRR9879527	pig	USA	2018
SRR5865320	pig	USA	2010
SRR10045171	pig	USA	2019
SRR3583308	pig	USA	2016
SRR5645350	pig	USA	2010
SRR11544808	pig	USA	2020
SRR6666794	pig	USA	2009
ERR4223951	pig	Netherlands	2017
ERR1163653	pig	United Kingdom	2008
SRR8609085	pig	USA	2019
SRR3583313	pig	USA	2016
SRR6764260	pig	USA	2018
SRR17412822	pig	USA	2021
SRR5760705	pig	USA	2010
SRR12070098	pig	Italy	2016
SRR6666474	pig	USA	2009
SRR12680074	pig	USA	2020
SRR11654077	pig	USA	2020
SRR3113830	pig	USA	2015
SRR20710162	pig	USA	2022
SRR5861818	pig	USA	2010
ERR10497186	pig	Spain	2017
SRR6659230	pig	USA	2017
SRR17066970	pig	USA	2021
SRR11600456	pig	USA	2019
SRR5815736	pig	USA	2017
SRR6664291	pig	USA	2009
SRR9856028	pig	USA	2019
SRR7439653	pig	USA	2010
SRR12782933	pig	USA	2020
SRR2889269	pig	USA	2015
SRR8635363	pig	USA	2019
SRR6212386	pig	USA	2010
SRR5605553	pig	USA	2017
SRR6289028	pig	USA	2009
SRR18426075	pig	USA	2022
SRR5195803	pig	USA	2016
SRR9007403	pig	USA	2019
SRR12070221	pig	Italy	2013
SRR8754469	pig	USA	2019
SRR6443378	pig	USA	2009
SRR6261965	pig	USA	2010
SRR13921952	pig	USA	2009
SRR23513629	pig	USA	2023
SRR3185261	pig	USA	2016
SRR12070156	pig	Italy	2018
SRR6793679	pig	USA	2018
SRR2727701	pig	USA	2015
SRR17656269	pig	USA	2021
SRR13921953	pig	USA	2009
SRR5963909	pig	USA	2010
SRR7500639	pig	USA	2010
SRR5427944	pig	USA	2017
SRR6860706	pig	USA	2010
SRR4301153	pig	USA	2016
SRR6930614	pig	USA	2009
SRR13921946	pig	USA	2009
SRR13276339	pig	USA	2018
SRR10823769	pig	USA	2009
SRR7014281	pig	USA	2009
SRR6745536	pig	USA	2009
SRR5815730	pig	USA	2017
SRR8420065	pig	USA	2018
SRR6973039	pig	USA	2010
SRR6213864	pig	USA	2010
SRR6793437	pig	USA	2018
SRR3350820	pig	USA	2016
SRR23979057	pig	USA	2023
SRR5876880	pig	USA	2010
SRR6236257	pig	USA	2010
ERR4223940	pig	Netherlands	2017
SRR12070099	pig	Italy	2013
SRR12301966	pig	Germany	2015
SRR17900535	sheep	New Zealand	2018
SRR26678371	sheep	Ethiopia	2020
SRR3094483	sheep	United Kingdom	2008
SRR28199248	sheep	USA	2024
SRR3094464	sheep	USA	2008
SRR3094423	sheep	USA	2005
ERR4224567	sheep	Netherlands	2018
SRR10218167	sheep	United Kingdom	2014
SRR17925224	sheep	New Zealand	2018
SRR28440137	sheep	USA	2024
SRR14228718	sheep	USA	2021
SRR3094452	sheep	USA	2009
ERR4224309	sheep	Netherlands	2016
SRR12063032	sheep	New Zealand	2016
SRR28440155	sheep	USA	2024
SRR11654312	sheep	USA	2020
SRR29740313	sheep	USA	2024
SRR12063017	sheep	New Zealand	2016
SRR17925216	sheep	New Zealand	2018
SRR29740293	sheep	USA	2024
SRR12347652	sheep	New Zealand	2017
SRR13699956	sheep	USA	2020
SRR13362775	sheep	Spain	2015
SRR12347669	sheep	New Zealand	2017
SRR13362783	sheep	Spain	2016
SRR17929619	sheep	New Zealand	2018
SRR12347663	sheep	New Zealand	2017
SRR27218469	sheep	Ethiopia	2022
SRR17925366	sheep	New Zealand	2018
SRR17974198	sheep	New Zealand	2019
SRR17898865	sheep	New Zealand	2018
SRR26351318	sheep	Ethiopia	2022
SRR12625725	sheep	USA	2020
SRR17900361	sheep	New Zealand	2018
SRR17900429	sheep	New Zealand	2018
SRR12625708	sheep	USA	2020
SRR17899234	sheep	New Zealand	2018
SRR12063018	sheep	New Zealand	2016
SRR17900362	sheep	New Zealand	2018
SRR13238488	sheep	USA	2020
SRR14882958	sheep	USA	2021
SRR18678775	sheep	USA	2022
SRR19486036	sheep	USA	2022
SRR27218413	sheep	Ethiopia	2022
SRR11544459	sheep	USA	2020
SRR12347670	sheep	New Zealand	2017
SRR5397411	sheep	USA	2009
SRR22956824	sheep	Canada	2022
SRR3094432	sheep	USA	2009
ERR4224861	sheep	Netherlands	2016
SRR22956826	sheep	Canada	2022
SRR28764814	sheep	USA	2024
SRR28886138	sheep	USA	2024
SRR5230112	sheep	USA	1905
SRR3094486	sheep	United Kingdom	2005
SRR29205960	sheep	USA	2024
SRR3094446	sheep	USA	2007
SRR3619966	sheep	unknown	unknown
SRR26678370	sheep	Ethiopia	2020
SRR17900439	sheep	New Zealand	2018
SRR3094408	sheep	USA	1993
SRR17898893	sheep	New Zealand	2018
SRR12625734	sheep	USA	2020
ERR4224617	sheep	Netherlands	2018
SRR19139531	sheep	USA	2022
SRR12063034	sheep	New Zealand	2016
SRR13350071	sheep	USA	2020
SRR17900545	sheep	New Zealand	2018
SRR17925265	sheep	New Zealand	2018
SRR5209489	sheep	Canada	2005
SRR27218412	sheep	Ethiopia	2022
SRR3094413	sheep	USA	2003
SRR17925218	sheep	New Zealand	2018
SRR13362754	sheep	Spain	2014
SRR10218159	sheep	United Kingdom	2014
SRR20307428	sheep	USA	2022
SRR17900435	sheep	New Zealand	2018
SRR17964877	sheep	New Zealand	2018
SRR29740282	sheep	USA	2024
SRR17898864	sheep	New Zealand	2018
SRR20124469	sheep	USA	2022
SRR3094482	sheep	USA	2013
SRR13362760	sheep	Spain	2014
SRR18959246	sheep	USA	2022
SRR5397416	sheep	USA	2009
SRR17974194	sheep	New Zealand	2019
SRR3094418	sheep	USA	2004
SRR29740290	sheep	USA	2024
SRR18982390	sheep	USA	2022
SRR17964955	sheep	New Zealand	2019
SRR12347676	sheep	New Zealand	2017
SRR17900532	sheep	New Zealand	2018
SRR28886116	sheep	USA	2024
SRR17974188	sheep	New Zealand	2019
SRR11459577	sheep	USA	2020
SRR5366142	sheep	USA	2017
SRR17925217	sheep	New Zealand	2018
SRR12063030	sheep	New Zealand	2016
SRR29740291	sheep	USA	2024
SRR12347634	sheep	New Zealand	2017
SRR6410196	turkey	USA	2016
SRR5754139	turkey	USA	2017
SRR17260636	turkey	USA	2021
SRR8208263	turkey	USA	2018
SRR8663531	turkey	USA	2018
SRR10218502	turkey	USA	2019
SRR16089306	turkey	USA	2021
SRR22629699	turkey	USA	2022
SRR12472207	turkey	USA	2020
SRR21909378	turkey	USA	2022
SRR13436893	turkey	USA	2019
SRR8075036	turkey	USA	2018
ERR4224737	turkey	Netherlands	2014
SRR26628477	turkey	USA	2023
SRR20994490	turkey	USA	2022
SRR11521765	turkey	USA	2020
SRR19847146	turkey	USA	2022
SRR14619693	turkey	USA	2021
SRR27503896	turkey	USA	2023
SRR7084862	turkey	USA	2018
SRR7367187	turkey	USA	2018
SRR16764948	turkey	USA	2021
SRR8099154	turkey	USA	2018
SRR13797356	turkey	USA	2021
SRR3140161	turkey	USA	2015
SRR8592659	turkey	USA	2018
SRR7904252	turkey	USA	2018
SRR26959982	turkey	USA	2023
SRR7138685	turkey	USA	2018
SRR10834037	turkey	USA	2019
SRR5683997	turkey	USA	2017
SRR20994523	turkey	USA	2022
SRR6108541	turkey	USA	2016
SRR12515354	turkey	USA	2020
SRR8538386	turkey	USA	2019
SRR13176900	turkey	USA	2020
SRR19242167	turkey	USA	2022
SRR10097033	turkey	USA	2019
SRR26806889	turkey	USA	2023
SRR15323874	turkey	USA	2021
SRR13245107	turkey	USA	2020
SRR8838819	turkey	USA	2019
SRR17915050	turkey	USA	2021
SRR27040758	turkey	USA	2023
SRR12112583	turkey	USA	2020
ERR4224893	turkey	Netherlands	2016
SRR26969078	turkey	USA	2023
SRR7084888	turkey	USA	2018
SRR10246444	turkey	USA	2019
SRR8839759	turkey	USA	2019
SRR9668773	turkey	USA	2019
SRR8942624	turkey	USA	2019
SRR19139537	turkey	USA	2022
SRR9010123	turkey	USA	2019
SRR7543322	turkey	USA	2018
SRR10698082	turkey	Germany	2017
SRR27844354	turkey	USA	2024
SRR17067005	turkey	USA	2021
SRR17657446	turkey	USA	2021
SRR8375510	turkey	USA	2018
SRR26304285	turkey	USA	2023
SRR15321209	turkey	USA	2021
SRR24660421	turkey	USA	2023
SRR7708075	turkey	USA	2018
SRR11236364	turkey	USA	2019
SRR10574919	turkey	USA	2019
SRR10447229	turkey	USA	2019
SRR13059399	turkey	USA	2020
SRR3113823	turkey	USA	2015
SRR8136319	turkey	USA	2018
SRR8252758	turkey	USA	2018
SRR9643036	turkey	USA	2019
SRR20994461	turkey	USA	2022
SRR8839808	turkey	USA	2019
SRR24324263	turkey	USA	2023
ERR4224927	turkey	Netherlands	2017
SRR28901624	turkey	USA	2023
SRR18982367	turkey	USA	2022
SRR10831345	turkey	USA	2019
SRR12680060	turkey	USA	2020
SRR25915113	turkey	USA	2023
SRR13045497	turkey	USA	2020
SRR25523927	turkey	USA	2023
SRR8698547	turkey	USA	2019
SRR16764944	turkey	USA	2021
SRR24529378	turkey	USA	2023
SRR10698086	turkey	Germany	2016
SRR27038776	turkey	USA	2023
SRR22884909	turkey	USA	2022
SRR9609600	turkey	USA	2019
ERR10497218	turkey	Spain	2018
SRR13842615	turkey	USA	2021
SRR5080903	turkey	USA	2016
SRR8252775	turkey	USA	2018
SRR23525304	turkey	USA	2023
SRR7739737	turkey	USA	2018
SRR8753356	turkey	USA	2019
SRR17621928	turkey	USA	2021
SRR14478907	turkey	USA	2021
SRR11272909	turkey	USA	2020
ERR4224419	water	Netherlands	2018
ERR4224394	water	Netherlands	2018
ERR4224662	water	Netherlands	2019
SRR21995108	water	China	2016
ERR1025588	water	Spain	2010
ERR4224335	water	Netherlands	2018
SRR7010530	water	USA	2010
SRR9030813	water	Australia	2015
ERR4224356	water	Netherlands	2018
ERR4224476	water	Netherlands	2018
SRR5209551	water	Canada	2006
ERR9129992	water	Sweden	2014
ERR4224375	water	Netherlands	2018
SRR3210426	water	USA	2012
SRR6261994	water	USA	2010
SRR9030826	water	Australia	2015
SRR21995107	water	China	2016
ERR4224507	water	Netherlands	2018
ERR4224408	water	Netherlands	2018
ERR4224686	water	Netherlands	2019
ERR4224333	water	Netherlands	2018
ERR4224651	water	Netherlands	2019
ERR321059	water	unknown	unknown
ERR4224675	water	Netherlands	2019
SRR12634069	water	USA	2016
SRR5209565	water	Canada	2004
SRR7121406	water	USA	2010
SRR8280097	water	USA	2010
SRR6398697	water	USA	2009
SRR6398728	water	USA	2009
SRR14190372	water	USA	2016
SRR6260848	water	USA	2009
ERR4224700	water	Netherlands	2019
ERR4224464	water	Netherlands	2018
ERR4224388	water	Netherlands	2018
SRR5209458	water	Canada	2011
ERR4224423	water	Netherlands	2018
SRR6398641	water	USA	2009
SRR7128223	water	USA	2010
ERR4224642	water	Netherlands	2019
ERR4224460	water	Netherlands	2018
ERR4224337	water	Netherlands	2018
ERR4224474	water	Netherlands	2018
ERR4224506	water	Netherlands	2018
ERR4224444	water	Netherlands	2018
SRR8434632	water	USA	2010
ERR4224390	water	Netherlands	2018
ERR4224349	water	Netherlands	2018
SRR6314031	water	USA	2009
ERR4224430	water	Netherlands	2018
ERR4224412	water	Netherlands	2018
SRR9030821	water	Australia	2015
SRR9030830	water	Australia	2015
ERR4224491	water	Netherlands	2018
SRR5209487	water	Canada	2006
SRR6261989	water	USA	2010
SRR6261893	water	USA	2010
SRR5209546	water	Canada	2007
ERR4224647	water	Netherlands	2019
ERR4224500	water	Netherlands	2018
SRR7012236	water	USA	2010
ERR4224395	water	Netherlands	2018
SRR6261842	water	USA	2010
SRR6314326	water	Brazil	1996
ERR4224438	water	Netherlands	2018
ERR4224496	water	Netherlands	2018
ERR4224690	water	Netherlands	2019
SRR14190376	water	USA	2014
ERR4224345	water	Netherlands	2018
ERR4224671	water	Netherlands	2019
SRR16091611	water	USA	unknown
ERR321060	water	unknown	unknown
SRR12686264	water	Brazil	1995
ERR4224397	water	Netherlands	2018
ERR4224470	water	Netherlands	2018
SRR1635285	water	United Kingdom	2011
SRR8434292	water	USA	2010
SRR9030874	water	Australia	2014
SRR8434366	water	USA	2010
SRR9030829	water	Australia	2015
SRR9879555	water	Canada	2015
SRR9030879	water	Australia	2014
SRR7345807	water	USA	2010
SRR6367412	water	USA	2009
SRR12686236	water	Brazil	1996
SRR6311922	water	USA	2009
ERR4224391	water	Netherlands	2018
SRR7904961	water	USA	2010
ERR4224688	water	Netherlands	2019
SRR9030816	water	Australia	2014
SRR5209548	water	Canada	2006
ERR4224434	water	Netherlands	2018
ERR4224427	water	Netherlands	2018
ERR4224353	water	Netherlands	2018
SRR6398687	water	USA	2009
SRR5209541	water	Canada	2007
SRR9030837	water	Australia	2014
ERR4224501	water	Netherlands	2018
ERR4224358	water	Netherlands	2018
ERR4224632	water	Netherlands	2019
SRR8787406	waterbird	USA	1979
SRR29316403	waterbird	USA	2018
SRR8787349	waterbird	USA	1979
ERR2197811	waterbird	Luxembourg	2014
SRR29316407	waterbird	USA	2018
SRR8787404	waterbird	USA	1979
SRR8787412	waterbird	USA	1979
SRR5209482	waterbird	Canada	2006
SRR8787361	waterbird	USA	1979
SRR8787357	waterbird	USA	1979
SRR29316423	waterbird	USA	2018
SRR2915957	waterbird	USA	2009
SRR29316425	waterbird	USA	2018
SRR2915955	waterbird	USA	2009
SRR8787409	waterbird	USA	1979
SRR29316436	waterbird	USA	2018
SRR21995114	waterbird	China	2017
SRR13367297	waterbird	United Kingdom	2007
SRR8787347	waterbird	USA	1979
SRR11515394	waterbird	Italy	2017
ERR1163670	waterbird	United Kingdom	2013
SRR8787350	waterbird	USA	1979
ERR1163655	waterbird	United Kingdom	2013
SRR29316455	waterbird	USA	2018
SRR8787395	waterbird	USA	1979
SRR29316452	waterbird	USA	2018
ERR1163662	waterbird	United Kingdom	2013
SRR21995109	waterbird	China	2017
SRR29316406	waterbird	USA	2018
ERR2601935	waterbird	Finland	2007
ERR12188774	waterbird	United Kingdom	2003
SRR5209566	waterbird	Canada	2004
SRR29316409	waterbird	USA	2018
SRR8787363	waterbird	USA	1979
SRR13367282	waterbird	United Kingdom	2007
ERR1163759	waterbird	United Kingdom	2013
SRR13367291	waterbird	United Kingdom	2007
ERR12188769	waterbird	United Kingdom	2007
SRR21995110	waterbird	China	2017
SRR10239225	waterbird	USA	2005
SRR21995113	waterbird	China	2017
SRR29316445	waterbird	USA	2018
SRR29316426	waterbird	USA	2018
SRR13367287	waterbird	United Kingdom	2007
SRR13367278	waterbird	United Kingdom	2007
SRR29316444	waterbird	USA	2018
SRR6197701	waterbird	Sweden	2002
SRR29316416	waterbird	USA	2018
SRR29316433	waterbird	USA	2018
SRR29316417	waterbird	USA	2018
SRR29316458	waterbird	USA	2018
SRR8787399	waterbird	USA	1979
ERR1163661	waterbird	United Kingdom	2013
SRR29316428	waterbird	USA	2018
SRR11515393	waterbird	Italy	2017
SRR13367283	waterbird	United Kingdom	2007
SRR4379981	waterbird	Sweden	2000
SRR29316456	waterbird	USA	2018
SRR29316418	waterbird	USA	2018
SRR27387502	waterbird	Peru	2022
SRR29316404	waterbird	USA	2018
ERR1163780	waterbird	United Kingdom	2013
ERR1163473	waterbird	United Kingdom	2013
ERR12188771	waterbird	United Kingdom	2007
SRR2962355	waterbird	USA	2009
SRR27387504	waterbird	Peru	2022
SRR13367289	waterbird	United Kingdom	2007
SRR8787364	waterbird	USA	1979
ERR1163751	waterbird	United Kingdom	2013
SRR5209561	waterbird	Canada	2004
SRR13132260	waterbird	USA	1978
SRR15194602	waterbird	Bangladesh	2009
SRR8787410	waterbird	USA	1979
SRR13367284	waterbird	United Kingdom	2007
SRR29316449	waterbird	USA	2018
SRR13367296	waterbird	United Kingdom	2007
ERR1163626	waterbird	United Kingdom	2013
SRR29316437	waterbird	USA	2018
SRR13367285	waterbird	United Kingdom	2007
ERR12188775	waterbird	United Kingdom	2003
SRR29316441	waterbird	USA	2018
ERR1163752	waterbird	United Kingdom	2013
ERR12188772	waterbird	United Kingdom	2003
SRR13367281	waterbird	United Kingdom	2007
SRR29316429	waterbird	USA	2018
SRR21995118	waterbird	China	2010
ERR1163781	waterbird	United Kingdom	2013
SRR12634062	waterbird	USA	2017
SRR8787351	waterbird	USA	1979
SRR8787362	waterbird	USA	1979
ERR1163640	waterbird	United Kingdom	2013
SRR29316460	waterbird	USA	2018
SRR2584003	waterbird	USA	2009
SRR8787346	waterbird	USA	1979
SRR13367298	waterbird	United Kingdom	2007
SRR29316453	waterbird	USA	2018
SRR29316434	waterbird	USA	2018
SRR29316442	waterbird	USA	2018
SRR29316459	waterbird	USA	2018
SRR8787354	waterbird	USA	1979
SRR13736822	wildbird	Turkey	2018
SRR1816118	wildbird	unknown	unknown
SRR11515454	wildbird	Italy	2019
SRR3619935	wildbird	unknown	unknown
SRR11515421	wildbird	Italy	2016
SRR23244655	wildbird	France	2018
ERR3546043	wildbird	Sweden	2017
SRR1815361	wildbird	unknown	unknown
SRR4067224	wildbird	unknown	unknown
ERR10497225	wildbird	Spain	2008
ERR4225107	wildbird	Netherlands	2019
ERR4225086	wildbird	Netherlands	2019
SRR1816119	wildbird	unknown	unknown
SRR13736827	wildbird	Turkey	2018
SRR23244644	wildbird	France	2017
SRR25523034	wildbird	USA	2022
SRR11515410	wildbird	Italy	2015
SRR1816048	wildbird	unknown	unknown
SRR3619961	wildbird	unknown	unknown
SRR29025236	wildbird	USA	2009
SRR11515440	wildbird	Italy	2016
SRR11515356	wildbird	Italy	2016
SRR3619924	wildbird	unknown	unknown
SRR12495827	wildbird	USA	2009
SRR3619952	wildbird	unknown	unknown
ERR4225099	wildbird	Netherlands	2019
SRR23244669	wildbird	France	2017
SRR11515427	wildbird	Italy	2016
SRR6197703	wildbird	Sweden	2011
SRR11515453	wildbird	Italy	2019
ERR4224019	wildbird	Netherlands	2018
SRR14242059	wildbird	Finland	2018
ERR3546047	wildbird	Sweden	2017
ERR4225115	wildbird	Netherlands	2019
SRR11515359	wildbird	Italy	2018
SRR11515457	wildbird	Italy	2019
SRR14242051	wildbird	Finland	2018
SRR11515420	wildbird	Italy	2015
ERR4225117	wildbird	Netherlands	2019
ERR4224018	wildbird	Netherlands	2018
SRR14242054	wildbird	Finland	2018
SRR13736830	wildbird	Turkey	2018
SRR12495820	wildbird	USA	2009
ERR3546042	wildbird	Sweden	2017
SRR11515374	wildbird	Italy	2018
SRR23244646	wildbird	France	2017
SRR11515385	wildbird	Italy	2017
SRR13736807	wildbird	Turkey	2018
ERR3546046	wildbird	Sweden	2017
SRR6197705	wildbird	Sweden	2012
ERR4223916	wildbird	Netherlands	2018
SRR11515387	wildbird	Italy	2017
SRR1815406	wildbird	unknown	unknown
SRR11515378	wildbird	Italy	2016
ERR4225118	wildbird	Netherlands	2019
SRR1816039	wildbird	unknown	unknown
SRR1816047	wildbird	unknown	unknown
SRR11515384	wildbird	Italy	2017
SRR11515424	wildbird	Italy	2016
SRR11515423	wildbird	Italy	2016
SRR11515422	wildbird	Italy	2015
SRR11515458	wildbird	Italy	2019
ERR4225103	wildbird	Netherlands	2019
SRR13736820	wildbird	Turkey	2018
SRR29025215	wildbird	USA	2008
SRR23244651	wildbird	France	2018
SRR11515380	wildbird	Italy	2018
SRR11515452	wildbird	Italy	2019
SRR11515412	wildbird	Italy	2015
SRR29025277	wildbird	USA	2009
SRR1816124	wildbird	unknown	unknown
SRR1815850	wildbird	unknown	unknown
ERR4225090	wildbird	Netherlands	2019
SRR12495816	wildbird	USA	2009
SRR23244640	wildbird	France	2016
ERR4225094	wildbird	Netherlands	2019
ERR4223921	wildbird	Netherlands	2018
SRR3619941	wildbird	unknown	unknown
SRR11515448	wildbird	Italy	2019
ERR3546019	wildbird	Sweden	2017
ERR4224022	wildbird	Netherlands	2018
SRR25523029	wildbird	USA	2022
SRR29025259	wildbird	USA	2009
SRR1815867	wildbird	unknown	unknown
SRR12495815	wildbird	USA	2009
SRR11515369	wildbird	Italy	2018
SRR1815854	wildbird	unknown	unknown
SRR13736833	wildbird	Turkey	2018
ERR4225121	wildbird	Netherlands	2019
SRR12495830	wildbird	USA	2009
SRR23244663	wildbird	France	2017
SRR11515463	wildbird	Italy	2015
SRR13736803	wildbird	Turkey	2017
SRR1816131	wildbird	unknown	unknown
SRR13736811	wildbird	Turkey	2018
ERR4225112	wildbird	Netherlands	2019
SRR11515433	wildbird	Italy	2015
SRR1815856	wildbird	unknown	unknown
ERR4224017	wildbird	Netherlands	2018
SRR11515368	wildbird	Italy	2018
ERR12726479	unknown	United Kingdom	2004
SRR9971615	unknown	USA	unknown
ERR976125	unknown	United Kingdom	unknown
SRR9864928	unknown	USA	unknown
ERR10372741	unknown	Portugal	unknown
ERR226207	unknown	unknown	unknown
SRR13169053	unknown	USA	2020
SRR10063337	unknown	USA	unknown
SRR28095900	unknown	USA	2022
SRR16969880	unknown	USA	2021
ERR1163442	unknown	United Kingdom	2012
SRR9899056	unknown	United Kingdom	2018
SRR29294247	unknown	USA	unknown
ERR450239	unknown	United Kingdom	unknown
SRR8791352	unknown	USA	unknown
ERR1512684	unknown	unknown	unknown
ERR12072144	unknown	United Kingdom	2021
SRR25517464	unknown	USA	unknown
ERR11003616	unknown	Luxembourg	unknown
ERR137056	unknown	unknown	unknown
SRR10019064	unknown	United Kingdom	2016
SRR12972551	unknown	USA	unknown
SRR1816221	unknown	unknown	unknown
SRR15123871	unknown	USA	unknown
SRR14633216	unknown	USA	unknown
SRR10990438	unknown	USA	unknown
ERR473837	unknown	United Kingdom	unknown
SRR24880177	unknown	Taiwan	unknown
ERR470695	unknown	United Kingdom	unknown
ERR713723	unknown	unknown	unknown
SRR12835194	unknown	USA	unknown
ERR226238	unknown	unknown	unknown
ERR946747	unknown	unknown	unknown
SRR29931273	unknown	USA	unknown
SRR13923227	unknown	USA	unknown
SRR18072425	unknown	USA	2022
SRR11853953	unknown	USA	unknown
ERR1163719	unknown	United Kingdom	2014
ERR670848	unknown	United Kingdom	unknown
ERR694574	unknown	United Kingdom	unknown
ERR10703458	unknown	Denmark	2020
SRR25382606	unknown	USA	2023
SRR25052815	unknown	USA	2023
SRR9856010	unknown	USA	unknown
SRR9077775	unknown	unknown	unknown
SRR25436740	unknown	USA	unknown
ERR470518	unknown	United Kingdom	unknown
SRR24863315	unknown	USA	unknown
SRR19383128	unknown	USA	unknown
ERR326230	unknown	unknown	unknown
ERR713652	unknown	unknown	unknown
ERR467052	unknown	unknown	unknown
SRR4069948	unknown	unknown	unknown
SRR12158718	unknown	USA	unknown
SRR12422695	unknown	USA	unknown
SRR27042677	unknown	USA	2023
SRR11072035	unknown	USA	unknown
SRR4070139	unknown	unknown	unknown
SRR15178534	unknown	USA	unknown
ERR221328	unknown	unknown	unknown
ERR148287	unknown	unknown	unknown
ERR11721283	unknown	United Kingdom	2019
SRR13202276	unknown	USA	2020
ERR356059	unknown	unknown	unknown
SRR6398721	unknown	USA	2009
SRR17857257	unknown	USA	unknown
ERR12084056	unknown	United Kingdom	2019
ERR439920	unknown	United Kingdom	unknown
SRR27559027	unknown	USA	unknown
ERR3145269	unknown	Denmark	2016
SRR15230816	unknown	USA	unknown
SRR21388670	unknown	USA	2022
ERR12953173	unknown	Luxembourg	2021
SRR10699576	unknown	USA	unknown
ERR976146	unknown	United Kingdom	unknown
SRR24939988	unknown	USA	2019
ERR1658689	unknown	United Kingdom	unknown
SRR1815315	unknown	unknown	unknown
SRR1993248	unknown	USA	unknown
ERR4879520	unknown	Denmark	2019
SRR9945146	unknown	United Kingdom	2017
SRR7411500	unknown	USA	unknown
SRR12341582	unknown	USA	unknown
SRR23980959	unknown	USA	2023
SRR9969039	unknown	United Kingdom	2017
ERR1906113	unknown	United Kingdom	unknown
ERR213031	unknown	unknown	unknown
ERR12072012	unknown	United Kingdom	2020
ERR278336	unknown	unknown	unknown
ERR3446633	unknown	United Kingdom	unknown
SRR15223897	unknown	USA	2021
SRR28868230	unknown	USA	unknown
ERR3144883	unknown	Denmark	2015
ERR330642	unknown	unknown	unknown
ERR148380	unknown	unknown	unknown
SRR9945233	unknown	United Kingdom	2017
ERR1658511	unknown	United Kingdom	unknown
ERR594006	unknown	unknown	unknown
ERR12757156	unknown	United Kingdom	2022
ERR1701073	unknown	unknown	unknown
