run_accession	chicken	turkey	pig	cattle	sheep	goat	human	dog	cat	wildbird	waterbird	environment	water	wastewater	laboratory	other_animal	best_hit	source_method	source_evidence	year	country
ERR4224313	0.0030153917614370584	0.003489502938464284	0.0031826135236769915	0.001393009559251368	0.0054452489130198956	0.0033445311710238457	0.004921920597553253	0.0009662153897807002	0.7486090064048767	0.005869503598660231	0.005069146864116192	0.056072745472192764	0.11718717217445374	0.024502644315361977	0.009447910822927952	0.007483437191694975	cat	nli		2016	Netherlands
ERR4224555	0.0035391421988606453	0.0044011143036186695	0.0039271884597837925	0.0014434905024245381	0.005944134667515755	0.003520260564982891	0.006153828930109739	0.0009429287165403366	0.7497323751449585	0.00643077353015542	0.005302794277667999	0.05463360249996185	0.11107277870178223	0.02470397762954235	0.0099916597828269	0.008259907364845276	cat	nli		2018	Netherlands
SRR28564538	0.006910915486514568	0.007127220276743174	0.010521055199205875	0.003418872132897377	0.010593857616186142	0.06367211043834686	0.004850053694099188	0.004024744965136051	0.8263169527053833	0.00976637750864029	0.008077472448348999	0.010609228163957596	0.0060565657913684845	0.003354594111442566	0.0055986568331718445	0.01910136453807354	cat	nli		2022	United States
SRR6627731	0.004336630459874868	0.003790052607655525	0.005099478643387556	0.0027772202156484127	0.003359049092978239	0.0035187313333153725	0.004190956708043814	0.0016290061175823212	0.7738758325576782	0.006737617775797844	0.0056486609391868114	0.11121313273906708	0.03582179918885231	0.01576722040772438	0.005375634413212538	0.016858965158462524	cat	nli		2017	United States
ERR4224319	0.003087779739871621	0.0035867374390363693	0.003357023000717163	0.001410159864462912	0.00549940625205636	0.0033227461390197277	0.004930099006742239	0.0009598192409612238	0.7550609111785889	0.006142718717455864	0.00517386756837368	0.05470384657382965	0.11034591495990753	0.025192486122250557	0.009431454353034496	0.00779501348733902	cat	nli		2016	Netherlands
ERR4224530	0.003303042845800519	0.00400133291259408	0.003808513516560197	0.0014538905816152692	0.005857443902641535	0.003539879573509097	0.005669808946549892	0.0009692820603959262	0.7412754893302917	0.006724454928189516	0.0055924104526638985	0.05837586522102356	0.11720144003629684	0.02439812384545803	0.009875494986772537	0.007953396067023277	cat	nli		2017	Netherlands
ERR4224584	0.0035213385708630085	0.004385872278362513	0.0040891156531870365	0.0015395580558106303	0.006057420279830694	0.003597661154344678	0.006192835979163647	0.0009546394576318562	0.7530817985534668	0.006618280429393053	0.005497443955391645	0.053860899060964584	0.10829354077577591	0.02391114830970764	0.009993152692914009	0.008405324071645737	cat	nli		2018	Netherlands
ERR4224321	0.003086044220253825	0.0035632348153740168	0.003276027273386717	0.0014234563568606973	0.005492852535098791	0.003340556751936674	0.005009602755308151	0.0009610928827896714	0.7523565292358398	0.006157135125249624	0.005088880192488432	0.05466987565159798	0.11306314170360565	0.025233840569853783	0.00956945400685072	0.007708291988819838	cat	nli		2016	Netherlands
ERR4224598	0.003341932315379381	0.0041037448681890965	0.0038132069166749716	0.001417931984178722	0.00575008150190115	0.0034723556600511074	0.005732045508921146	0.000931067334022373	0.7456878423690796	0.00620774831622839	0.0051980167627334595	0.057542312890291214	0.11508768051862717	0.024101287126541138	0.00959544163197279	0.00801734160631895	cat	nli		2018	Netherlands
ERR4224544	0.0036811435129493475	0.004723554942756891	0.0040878551080822945	0.001386707415804267	0.006058409810066223	0.0036441744305193424	0.006358259357511997	0.0009385772864334285	0.7396072745323181	0.006518508307635784	0.005699323024600744	0.059899378567934036	0.11533772200345993	0.02411847747862339	0.00977148674428463	0.008169085718691349	cat	nli		2018	Netherlands
ERR4224591	0.003333650529384613	0.004195638466626406	0.003802895313128829	0.0013687943574041128	0.005784317385405302	0.0034766101744025946	0.005784757900983095	0.0009334755595773458	0.7494257688522339	0.006264857482165098	0.00535559793934226	0.05700094625353813	0.11029592901468277	0.025119811296463013	0.009836666285991669	0.008020301349461079	cat	nli		2018	Netherlands
ERR4224614	0.0033101518638432026	0.004189034923911095	0.0038277797866612673	0.0014001436065882444	0.005828711669892073	0.0034609995782375336	0.005660249385982752	0.0009448840282857418	0.7534191012382507	0.0061876592226326466	0.005148814991116524	0.05690076947212219	0.10772877186536789	0.024075988680124283	0.00989975780248642	0.008017290383577347	cat	nli		2018	Netherlands
SRR5209498	0.0022116354666650295	0.0021634730510413647	0.0030305192340165377	0.0016056896420195699	0.004034511279314756	0.005129558965563774	0.0021431019995361567	0.0012960878666490316	0.9245969653129578	0.005456838756799698	0.005464223213493824	0.027380216866731644	0.0032628849148750305	0.0024550543166697025	0.0029256849084049463	0.006843580398708582	cat	nli		2004	Canada
ERR4224509	0.0034698424860835075	0.0044147418811917305	0.003959997557103634	0.0014377404004335403	0.005973659455776215	0.0036334681790322065	0.0056884135119616985	0.0009528195369057357	0.7481306195259094	0.006530952639877796	0.005368924234062433	0.05634121969342232	0.11220037192106247	0.023654386401176453	0.010186290368437767	0.008056567050516605	cat	nli		2018	Netherlands
ERR4224592	0.003238554811105132	0.00401119003072381	0.003720788052305579	0.001331986510194838	0.005615795962512493	0.0033393094781786203	0.005734576378017664	0.0009237302001565695	0.7473985552787781	0.006080089136958122	0.005282488651573658	0.055802568793296814	0.1150367483496666	0.02510111592710018	0.009408945217728615	0.007973498664796352	cat	nli		2018	Netherlands
ERR4224525	0.0033057136461138725	0.004053326789289713	0.003816379467025399	0.0014030997408553958	0.005849992390722036	0.0036112016532570124	0.005466827191412449	0.0009611470741219819	0.7436468601226807	0.006758695933967829	0.005462253000587225	0.05710400268435478	0.11640603840351105	0.02434731461107731	0.009784696623682976	0.008022447116672993	cat	nli		2017	Netherlands
ERR4224528	0.0033369052689522505	0.004092192742973566	0.003604534547775984	0.0014663597103208303	0.005876888986676931	0.003555367235094309	0.0055813537910580635	0.0009654952445998788	0.739760160446167	0.006760069169104099	0.005504838656634092	0.05826300010085106	0.11840593814849854	0.024754269048571587	0.009938797913491726	0.00813383050262928	cat	nli		2017	Netherlands
ERR4224527	0.0033418810926377773	0.0041351476684212685	0.0037189172580838203	0.0013971830485388637	0.005834035109728575	0.003533029928803444	0.0054399315267801285	0.0009622915531508625	0.7410138845443726	0.006710858549922705	0.005436789710074663	0.05701928213238716	0.11900856345891953	0.02452857233583927	0.01003292202949524	0.00788672175258398	cat	nli		2017	Netherlands
SRR8399251	0.010029095225036144	0.008590827696025372	0.01109414640814066	0.004035294055938721	0.007216617465019226	0.009681295603513718	0.006075309123843908	0.002595382509753108	0.8268847465515137	0.011934380047023296	0.007440535817295313	0.022129002958536148	0.03213997557759285	0.008418544195592403	0.01673808880150318	0.014996693469583988	cat	nli		2018	United States
SRR8607992	0.009586752392351627	0.008386727422475815	0.011729302816092968	0.00332418130710721	0.007085312157869339	0.011472920887172222	0.005280393175780773	0.0023763971403241158	0.8595913052558899	0.010915412567555904	0.006629846524447203	0.013035665266215801	0.014249701984226704	0.005871046334505081	0.012628918513655663	0.017836136743426323	cat	nli		2009	United States
